-- --------------------------------------------------------
-- Хост:                         192.168.11.3
-- Версия сервера:               8.0.27-0ubuntu0.20.04.1 - (Ubuntu)
-- Операционная система:         Linux
-- HeidiSQL Версия:              11.3.0.6295
-- --------------------------------------------------------

/*!40101 SET @OLD_CHARACTER_SET_CLIENT=@@CHARACTER_SET_CLIENT */;
/*!40101 SET NAMES utf8 */;
/*!50503 SET NAMES utf8mb4 */;
/*!40014 SET @OLD_FOREIGN_KEY_CHECKS=@@FOREIGN_KEY_CHECKS, FOREIGN_KEY_CHECKS=0 */;
/*!40101 SET @OLD_SQL_MODE=@@SQL_MODE, SQL_MODE='NO_AUTO_VALUE_ON_ZERO' */;
/*!40111 SET @OLD_SQL_NOTES=@@SQL_NOTES, SQL_NOTES=0 */;


-- Дамп структуры базы данных dietcalc
DROP DATABASE IF EXISTS `dietcalc`;
CREATE DATABASE IF NOT EXISTS `dietcalc` /*!40100 DEFAULT CHARACTER SET utf8mb4 COLLATE utf8mb4_0900_ai_ci */ /*!80016 DEFAULT ENCRYPTION='N' */;
USE `dietcalc`;

-- Дамп структуры для таблица dietcalc.category
DROP TABLE IF EXISTS `category`;
CREATE TABLE IF NOT EXISTS `category` (
  `id` bigint unsigned NOT NULL AUTO_INCREMENT,
  `name` varchar(50) DEFAULT NULL COMMENT 'Название категории',
  UNIQUE KEY `id` (`id`)
) ENGINE=InnoDB AUTO_INCREMENT=14 DEFAULT CHARSET=utf8mb4 COLLATE=utf8mb4_0900_ai_ci COMMENT='Категории продуктов';

-- Дамп данных таблицы dietcalc.category: ~13 rows (приблизительно)
/*!40000 ALTER TABLE `category` DISABLE KEYS */;
INSERT INTO `category` (`id`, `name`) VALUES
	(1, 'Без категории'),
	(2, 'Фрукты'),
	(3, 'Овощи'),
	(4, 'Орехи'),
	(5, 'Рыба'),
	(6, 'Мясо'),
	(7, 'Каши'),
	(8, 'Грибы'),
	(9, 'Напитки'),
	(10, 'Зерновые'),
	(11, 'Мучное'),
	(12, 'Бобовые'),
	(13, 'Специи');
/*!40000 ALTER TABLE `category` ENABLE KEYS */;

-- Дамп структуры для таблица dietcalc.diet_temp
DROP TABLE IF EXISTS `diet_temp`;
CREATE TABLE IF NOT EXISTS `diet_temp` (
  `id` bigint unsigned NOT NULL AUTO_INCREMENT,
  `guestsessionid` varchar(255) DEFAULT NULL,
  `foods_id` bigint unsigned NOT NULL,
  `count` decimal(5,1) DEFAULT NULL,
  `created_at` datetime DEFAULT CURRENT_TIMESTAMP,
  `updated_at` datetime DEFAULT CURRENT_TIMESTAMP,
  UNIQUE KEY `id` (`id`),
  KEY `diet_temp_ibfk_1` (`foods_id`),
  CONSTRAINT `diet_temp_ibfk_1` FOREIGN KEY (`foods_id`) REFERENCES `foods` (`id`)
) ENGINE=InnoDB AUTO_INCREMENT=37 DEFAULT CHARSET=utf8mb4 COLLATE=utf8mb4_0900_ai_ci COMMENT='Таблица с диетами анонимная';

-- Дамп данных таблицы dietcalc.diet_temp: ~0 rows (приблизительно)
/*!40000 ALTER TABLE `diet_temp` DISABLE KEYS */;
INSERT INTO `diet_temp` (`id`, `guestsessionid`, `foods_id`, `count`, `created_at`, `updated_at`) VALUES
	(2, '31582226561c48c72c0d428.44336711', 7, 150.0, '2021-12-23 17:49:36', '2021-12-23 17:49:36'),
	(5, '31582226561c48c72c0d428.44336711', 46, 70.0, '2021-12-23 17:49:59', '2021-12-23 17:49:59'),
	(6, '18857671361c48cb53b6462.91889310', 1, 10.0, '2021-12-23 17:50:31', '2021-12-23 17:50:31'),
	(7, '18857671361c48cb53b6462.91889310', 41, 150.0, '2021-12-23 17:50:40', '2021-12-23 17:50:40'),
	(8, '18857671361c48cb53b6462.91889310', 59, 450.0, '2021-12-23 17:50:48', '2021-12-23 17:50:48'),
	(9, '31582226561c48c72c0d428.44336711', 59, 10.0, '2021-12-23 17:51:01', '2021-12-23 17:51:01'),
	(10, '31582226561c48c72c0d428.44336711', 10, 20.0, '2021-12-23 18:04:48', '2021-12-23 18:23:28'),
	(23, '31582226561c48c72c0d428.44336711', 1, 5.0, '2021-12-23 18:15:32', '2021-12-23 18:30:04'),
	(25, '31582226561c48c72c0d428.44336711', 5, 10.0, '2021-12-23 18:20:41', '2021-12-23 18:20:41'),
	(27, '31582226561c48c72c0d428.44336711', 65, 10.0, '2021-12-23 18:24:13', '2021-12-23 18:24:13'),
	(28, '31582226561c48c72c0d428.44336711', 102, 30.0, '2021-12-23 18:24:18', '2021-12-23 18:25:08'),
	(29, '31582226561c48c72c0d428.44336711', 11, 10.0, '2021-12-23 18:28:24', '2021-12-23 18:28:24'),
	(30, '164547965161c4ad7136ba15.16163183', 1, 45.0, '2021-12-23 20:10:36', '2021-12-23 20:12:06'),
	(31, '164547965161c4ad7136ba15.16163183', 7, 20.0, '2021-12-23 20:10:59', '2021-12-23 20:10:59'),
	(32, '164547965161c4ad7136ba15.16163183', 98, 10.0, '2021-12-23 20:12:45', '2021-12-23 20:12:45'),
	(33, '46260976561c4c36c2b6e99.78607449', 1, 27.0, '2021-12-23 21:44:07', '2021-12-23 21:44:11'),
	(34, '46260976561c4c36c2b6e99.78607449', 37, 60.0, '2021-12-23 21:44:18', '2021-12-23 21:46:40'),
	(35, '46260976561c4c36c2b6e99.78607449', 68, 10.0, '2021-12-23 21:44:24', '2021-12-23 21:44:24'),
	(36, '46260976561c4c36c2b6e99.78607449', 156, 200.0, '2021-12-23 21:44:37', '2021-12-23 21:44:37');
/*!40000 ALTER TABLE `diet_temp` ENABLE KEYS */;

-- Дамп структуры для таблица dietcalc.foods
DROP TABLE IF EXISTS `foods`;
CREATE TABLE IF NOT EXISTS `foods` (
  `id` bigint unsigned NOT NULL AUTO_INCREMENT,
  `name` varchar(100) DEFAULT NULL COMMENT 'Название продукта',
  `protein` decimal(3,1) DEFAULT NULL COMMENT 'белок на 100гр продукта',
  `carbohydrates` decimal(3,1) DEFAULT NULL COMMENT 'углеводы на 100гр продукта',
  `fat` decimal(3,1) DEFAULT NULL COMMENT 'жиры на 100гр продукта',
  `calories` smallint DEFAULT NULL COMMENT 'энергетическая ценность на 100гр продукта',
  `user_id` bigint unsigned NOT NULL DEFAULT '1',
  `special_foods` bit(1) DEFAULT b'0',
  `category_id` bigint unsigned NOT NULL DEFAULT '1',
  `created_at` datetime DEFAULT CURRENT_TIMESTAMP,
  UNIQUE KEY `id` (`id`),
  KEY `user_id` (`user_id`),
  KEY `category_id` (`category_id`),
  CONSTRAINT `foods_ibfk_1` FOREIGN KEY (`user_id`) REFERENCES `users` (`id`),
  CONSTRAINT `foods_ibfk_2` FOREIGN KEY (`category_id`) REFERENCES `category` (`id`)
) ENGINE=InnoDB AUTO_INCREMENT=334 DEFAULT CHARSET=utf8mb4 COLLATE=utf8mb4_0900_ai_ci COMMENT='Таблица с продуктами';

-- Дамп данных таблицы dietcalc.foods: ~333 rows (приблизительно)
/*!40000 ALTER TABLE `foods` DISABLE KEYS */;
INSERT INTO `foods` (`id`, `name`, `protein`, `carbohydrates`, `fat`, `calories`, `user_id`, `special_foods`, `category_id`, `created_at`) VALUES
	(1, 'XMTVI MAXAMUM', 39.0, 14.0, 0.5, 297, 1, b'1', 1, '2021-12-20 19:25:52'),
	(2, 'MILUPA OS2', 69.0, 10.0, 0.0, 290, 1, b'1', 1, '2021-12-20 19:25:52'),
	(3, 'Абрикосы', 0.9, 10.5, 0.0, 46, 1, b'0', 2, '2021-12-20 19:25:52'),
	(4, 'Абрикосы сушёные - курага', 5.2, 55.0, 0.0, 234, 1, b'0', 2, '2021-12-20 19:25:52'),
	(5, 'Айва', 0.6, 8.9, 0.0, 38, 1, b'0', 2, '2021-12-20 19:25:52'),
	(6, 'Алыча', 0.2, 7.4, 0.0, 34, 1, b'0', 2, '2021-12-20 19:25:52'),
	(7, 'Ананас', 0.4, 11.8, 0.0, 48, 1, b'0', 2, '2021-12-20 19:25:52'),
	(8, 'Ананасовый сок', 0.0, 12.8, 0.0, 51, 1, b'0', 9, '2021-12-20 19:25:52'),
	(9, 'Апельсин', 0.9, 8.4, 0.0, 38, 1, b'0', 2, '2021-12-20 19:25:52'),
	(10, 'Апельсиновый сок', 0.6, 10.0, 0.0, 43, 1, b'0', 9, '2021-12-20 19:25:52'),
	(11, 'Арбуз', 0.7, 9.2, 0.0, 38, 1, b'0', 2, '2021-12-20 19:25:52'),
	(12, 'Арихис жареный солёный', 27.6, 15.0, 42.5, 600, 1, b'0', 4, '2021-12-20 19:25:52'),
	(13, 'Баклажаны', 0.6, 5.5, 0.1, 24, 1, b'0', 3, '2021-12-20 19:25:52'),
	(14, 'Банан', 1.5, 22.4, 0.0, 91, 1, b'0', 2, '2021-12-20 19:25:52'),
	(15, 'Белые свежие грибы', 3.2, 1.6, 0.7, 25, 1, b'0', 8, '2021-12-20 19:25:52'),
	(16, 'Белые сушёные грибы', 27.6, 10.0, 6.8, 209, 1, b'0', 8, '2021-12-20 19:25:52'),
	(17, 'Бобы', 6.0, 8.3, 0.1, 58, 1, b'0', 12, '2021-12-20 19:25:52'),
	(18, 'Бразильский орех', 14.3, 7.8, 66.9, 703, 1, b'0', 4, '2021-12-20 19:25:52'),
	(19, 'Брусника', 0.7, 8.6, 0.0, 40, 1, b'0', 2, '2021-12-20 19:25:52'),
	(20, 'Брюква', 1.2, 8.1, 0.1, 37, 1, b'0', 2, '2021-12-20 19:25:52'),
	(21, 'Вафли бисквитные мягкие квадратные', 6.8, 55.8, 25.8, 482, 1, b'0', 11, '2021-12-20 19:25:52'),
	(22, 'Вафли бисквитные мягкие толстые круглые', 4.6, 52.6, 18.8, 399, 1, b'0', 11, '2021-12-20 19:25:52'),
	(23, 'Вафли бисквитные мягкие тонкие', 8.8, 52.0, 20.3, 426, 1, b'0', 11, '2021-12-20 19:25:52'),
	(24, 'Ветчина', 10.0, 0.0, 35.0, 355, 1, b'0', 6, '2021-12-20 19:25:52'),
	(25, 'Вино белое', 0.0, 0.0, 0.0, 108, 1, b'0', 9, '2021-12-20 19:25:52'),
	(26, 'Виноград', 0.4, 17.5, 0.0, 69, 1, b'0', 2, '2021-12-20 19:25:52'),
	(27, 'Виноградный сок', 0.0, 15.0, 0.0, 60, 1, b'0', 9, '2021-12-20 19:25:52'),
	(28, 'Вишнёвый нектар Я', 0.0, 11.0, 0.0, 44, 1, b'0', 9, '2021-12-20 19:25:52'),
	(29, 'Вишня', 0.8, 11.3, 0.0, 49, 1, b'0', 1, '2021-12-20 19:25:52'),
	(30, 'Вишня мороженная', 0.9, 10.9, 0.4, 47, 1, b'0', 2, '2021-12-20 19:25:52'),
	(31, 'Вобла - икра', 63.8, 0.0, 3.5, 287, 1, b'0', 5, '2021-12-20 19:25:52'),
	(32, 'Говядина - тушёнка консервы', 20.5, 0.0, 10.4, 206, 1, b'0', 6, '2021-12-20 19:25:52'),
	(33, 'Говядина копчёно-варёная', 17.0, 0.0, 5.0, 113, 1, b'0', 6, '2021-12-20 19:25:52'),
	(34, 'Голубика', 1.0, 7.7, 0.0, 37, 1, b'0', 2, '2021-12-20 19:25:52'),
	(35, 'Горбуша натуральная консервы', 21.0, 0.0, 6.0, 138, 1, b'0', 5, '2021-12-20 19:25:52'),
	(36, 'Горох', 23.0, 56.3, 1.2, 303, 1, b'0', 12, '2021-12-20 19:25:52'),
	(37, 'Горошек зелёный', 5.0, 13.3, 0.2, 72, 1, b'0', 12, '2021-12-20 19:25:52'),
	(38, 'Горошек зелёный консервированный', 5.5, 11.5, 0.6, 73, 1, b'0', 12, '2021-12-20 19:25:52'),
	(39, 'Горчица русская', 9.3, 11.0, 8.0, 175, 1, b'0', 12, '2021-12-20 19:25:52'),
	(40, 'Горчичное масло', 0.0, 0.0, 99.8, 898, 1, b'0', 13, '2021-12-20 19:25:52'),
	(41, 'Гранат', 0.9, 11.8, 0.0, 52, 1, b'0', 2, '2021-12-20 19:25:52'),
	(42, 'Гранатовый сок', 0.0, 12.0, 0.0, 48, 1, b'0', 9, '2021-12-20 19:25:52'),
	(43, 'Грейпфрукт', 0.9, 7.3, 0.0, 35, 1, b'0', 2, '2021-12-20 19:25:52'),
	(44, 'Грейпфруктовый сок', 0.0, 10.0, 0.0, 40, 1, b'0', 9, '2021-12-20 19:25:52'),
	(45, 'Грецкий орех', 14.8, 13.7, 64.0, 698, 1, b'0', 4, '2021-12-20 19:25:52'),
	(46, 'Гречиха', 11.6, 59.5, 2.3, 290, 1, b'0', 7, '2021-12-20 19:25:52'),
	(47, 'Гречка - крупа ядрица', 12.5, 62.0, 2.1, 351, 1, b'0', 7, '2021-12-20 19:25:52'),
	(48, 'Грузди свежие грибы', 1.8, 1.1, 0.8, 19, 1, b'0', 8, '2021-12-20 19:25:52'),
	(49, 'Груша', 0.4, 10.7, 0.0, 42, 1, b'0', 2, '2021-12-20 19:25:52'),
	(50, 'Дрожжи', 43.0, 38.0, 5.7, 361, 1, b'0', 8, '2021-12-20 19:25:52'),
	(51, 'Дыня', 0.6, 9.6, 0.0, 39, 1, b'0', 2, '2021-12-20 19:25:52'),
	(52, 'Ежевика', 2.0, 5.3, 0.0, 33, 1, b'0', 2, '2021-12-20 19:25:52'),
	(53, 'Земляника', 1.8, 8.1, 0.0, 41, 1, b'0', 2, '2021-12-20 19:25:52'),
	(54, 'Зефир в шоколаде', 2.4, 73.4, 12.7, 326, 1, b'0', 1, '2021-12-20 19:25:52'),
	(55, 'Изюм', 2.5, 76.5, 0.2, 321, 1, b'0', 1, '2021-12-20 19:25:52'),
	(56, 'Икра лососевая солёная красная', 32.0, 0.0, 15.0, 245, 1, b'0', 1, '2021-12-20 19:25:52'),
	(57, 'Индейка - рулет копчёно-варёный', 5.0, 0.0, 17.0, 190, 1, b'0', 1, '2021-12-20 19:25:52'),
	(58, 'Инжир свежий', 0.7, 13.9, 0.0, 56, 1, b'0', 1, '2021-12-20 19:25:52'),
	(59, 'Инжир сушоный', 3.0, 50.0, 1.0, 210, 1, b'0', 1, '2021-12-20 19:25:52'),
	(60, 'Йогурт Активия без добавок', 4.5, 6.3, 3.5, 75, 1, b'0', 1, '2021-12-20 19:25:52'),
	(61, 'Йогурт Активия медовый', 3.7, 13.7, 3.0, 105, 1, b'0', 1, '2021-12-20 19:25:52'),
	(62, 'Йогурт Активия с мюсли и персиком', 4.0, 16.2, 3.0, 110, 1, b'0', 1, '2021-12-20 19:25:52'),
	(63, 'Йогурт Активия с черносливом', 3.7, 15.9, 3.0, 105, 1, b'0', 1, '2021-12-20 19:25:52'),
	(64, 'Йогурт молочный полужирный', 3.4, 12.3, 1.5, 74, 1, b'0', 1, '2021-12-20 19:25:52'),
	(65, 'Кабачки', 0.6, 5.7, 0.3, 27, 1, b'0', 1, '2021-12-20 19:25:52'),
	(66, 'Какао порошок', 24.7, 28.5, 15.0, 364, 1, b'0', 1, '2021-12-20 19:25:52'),
	(67, 'Какао сухой растворимый с сахаром', 5.0, 83.5, 3.0, 380, 1, b'0', 1, '2021-12-20 19:25:52'),
	(68, 'Кальмар', 18.0, 0.0, 2.0, 98, 1, b'0', 1, '2021-12-20 19:25:52'),
	(69, 'Кальмар натуральный консервы', 20.0, 1.8, 2.0, 106, 1, b'0', 1, '2021-12-20 19:25:52'),
	(70, 'Кальмар сушёный', 70.0, 3.0, 1.0, 293, 1, b'0', 1, '2021-12-20 19:25:52'),
	(71, 'Кальмары в масле консервированные', 19.0, 2.2, 5.8, 137, 1, b'0', 1, '2021-12-20 19:25:52'),
	(72, 'Капуста белокочанная', 1.8, 5.4, 0.0, 28, 1, b'0', 1, '2021-12-20 19:25:52'),
	(73, 'Капуста брокколи', 2.6, 4.5, 0.5, 28, 1, b'0', 1, '2021-12-20 19:25:52'),
	(74, 'Капуста брюссельская', 4.8, 6.7, 0.0, 46, 1, b'0', 1, '2021-12-20 19:25:52'),
	(75, 'Капуста кольраби', 2.8, 8.3, 0.0, 43, 1, b'0', 1, '2021-12-20 19:25:52'),
	(76, 'Капуста краснокочанная', 1.8, 6.1, 0.0, 31, 1, b'0', 1, '2021-12-20 19:25:52'),
	(77, 'Капуста морская', 0.9, 0.0, 0.2, 5, 1, b'0', 1, '2021-12-20 19:25:52'),
	(78, 'Капуста цветная', 2.5, 4.9, 0.0, 29, 1, b'0', 1, '2021-12-20 19:25:52'),
	(79, 'Карп', 16.0, 1.3, 3.6, 96, 1, b'0', 1, '2021-12-20 19:25:52'),
	(80, 'Картофель', 2.0, 19.7, 0.1, 83, 1, b'0', 1, '2021-12-20 19:25:52'),
	(81, 'Картофель сладкий батат', 2.0, 13.8, 0.0, 60, 1, b'0', 1, '2021-12-20 19:25:52'),
	(82, 'Картофель хрустящий Московский', 4.6, 47.2, 35.6, 532, 1, b'0', 1, '2021-12-20 19:25:52'),
	(83, 'Кекс без дрожжей с ягодами и орехами', 7.0, 52.0, 4.0, 274, 1, b'0', 1, '2021-12-20 19:25:52'),
	(84, 'Кета слабосолёная', 24.0, 0.0, 9.0, 177, 1, b'0', 1, '2021-12-20 19:25:52'),
	(85, 'Кефир 1%', 3.0, 3.8, 1.0, 39, 1, b'0', 1, '2021-12-20 19:25:52'),
	(86, 'Кефир 3.2%', 3.2, 5.4, 3.2, 64, 1, b'0', 1, '2021-12-20 19:25:52'),
	(87, 'Кефир-Био Biomax 1%', 3.6, 5.6, 1.0, 47, 1, b'0', 1, '2021-12-20 19:25:52'),
	(88, 'Кешью орех', 17.5, 30.5, 42.2, 572, 1, b'0', 1, '2021-12-20 19:25:52'),
	(89, 'Кизил', 1.0, 9.7, 0.0, 45, 1, b'0', 1, '2021-12-20 19:25:52'),
	(90, 'Клубника мороженная', 0.9, 7.7, 0.4, 41, 1, b'0', 1, '2021-12-20 19:25:52'),
	(91, 'Клюква', 0.5, 4.8, 0.0, 28, 1, b'0', 1, '2021-12-20 19:25:52'),
	(92, 'Клюква в сахарной пудре', 0.4, 96.0, 0.0, 384, 1, b'0', 1, '2021-12-20 19:25:52'),
	(93, 'Клюква дроблёная с сахаром', 0.0, 45.0, 0.0, 180, 1, b'0', 1, '2021-12-20 19:25:52'),
	(94, 'Клюква мороженная', 0.5, 3.8, 0.0, 17, 1, b'0', 1, '2021-12-20 19:25:52'),
	(95, 'Кобаса полукопчёная', 13.0, 4.0, 25.5, 321, 1, b'0', 1, '2021-12-20 19:25:52'),
	(96, 'Колбаса варёная', 12.0, 0.0, 19.0, 226, 1, b'0', 1, '2021-12-20 19:25:52'),
	(97, 'Колбаса варёно-копчёная сервелат', 16.1, 0.0, 40.1, 425, 1, b'0', 1, '2021-12-20 19:25:52'),
	(98, 'Колбаса сырокопчённая сервелат', 23.9, 0.0, 47.8, 526, 1, b'0', 1, '2021-12-20 19:25:52'),
	(99, 'Колбаса сырокопчённая сервелат', 24.0, 0.0, 40.5, 461, 1, b'0', 1, '2021-12-20 19:25:52'),
	(100, 'Колбаски для гриля говядина и свинина', 12.2, 0.0, 23.2, 258, 1, b'0', 1, '2021-12-20 19:25:52'),
	(101, 'Конопляное масло', 0.0, 0.0, 99.9, 899, 1, b'0', 1, '2021-12-20 19:25:52'),
	(102, 'Конфеты Алёнка', 6.7, 58.9, 32.2, 527, 1, b'0', 1, '2021-12-20 19:25:52'),
	(103, 'Конфеты Мишка косолапый', 5.7, 60.5, 32.1, 526, 1, b'0', 1, '2021-12-20 19:25:52'),
	(104, 'Конфеты Суфле в шоколаде', 2.5, 69.3, 14.4, 392, 1, b'0', 1, '2021-12-20 19:25:52'),
	(105, 'Конфеты батончик Рот фронт', 10.6, 52.4, 30.4, 519, 1, b'0', 1, '2021-12-20 19:25:52'),
	(106, 'Конфеты Грильяж в шоколаде', 5.1, 64.6, 26.9, 512, 1, b'0', 1, '2021-12-20 19:25:52'),
	(107, 'Конфеты карамель в шоколаде', 2.8, 77.0, 10.9, 406, 1, b'0', 1, '2021-12-20 19:25:52'),
	(108, 'Конфеты шоколадные ассорти с начинкой', 2.7, 58.9, 26.6, 486, 1, b'0', 1, '2021-12-20 19:25:52'),
	(109, 'Конфеты шоколадные с вафлями и начинкой Золотистые орешки', 6.7, 51.8, 28.9, 470, 1, b'0', 1, '2021-12-20 19:25:52'),
	(110, 'Конфеты шоколадные с орехово-сливочной начинкой', 7.2, 55.2, 35.0, 564, 1, b'0', 1, '2021-12-20 19:25:52'),
	(111, 'Кофе в зёрных', 13.9, 4.1, 14.4, 223, 1, b'0', 1, '2021-12-20 19:25:52'),
	(112, 'Кофе растворимый', 14.6, 10.3, 0.0, 100, 1, b'0', 1, '2021-12-20 19:25:52'),
	(113, 'Краб мясо', 16.0, 0.0, 0.5, 69, 1, b'0', 1, '2021-12-20 19:25:52'),
	(114, 'Крабовые палочки имитация', 7.0, 10.0, 1.0, 377, 1, b'0', 1, '2021-12-20 19:25:52'),
	(115, 'Крабы натуральные в собственном соку консервированные', 18.0, 2.0, 1.2, 85, 1, b'0', 1, '2021-12-20 19:25:52'),
	(116, 'Креветки', 18.9, 0.0, 0.8, 83, 1, b'0', 1, '2021-12-20 19:25:52'),
	(117, 'Крыжовник', 0.7, 9.9, 0.0, 44, 1, b'0', 1, '2021-12-20 19:25:52'),
	(118, 'Кукуруза', 10.3, 67.5, 4.9, 338, 1, b'0', 1, '2021-12-20 19:25:52'),
	(119, 'Кукуруза сладкая консервированная', 4.7, 23.6, 1.6, 128, 1, b'0', 1, '2021-12-20 19:25:52'),
	(120, 'Кукурузное', 0.0, 0.0, 99.9, 899, 1, b'0', 1, '2021-12-20 19:25:52'),
	(121, 'Курага', 5.5, 63.5, 0.5, 291, 1, b'0', 1, '2021-12-20 19:25:52'),
	(122, 'Лангуст', 18.4, 0.0, 0.4, 77, 1, b'0', 1, '2021-12-20 19:25:52'),
	(123, 'Лапша яичная', 10.4, 70.3, 1.6, 337, 1, b'0', 1, '2021-12-20 19:25:52'),
	(124, 'Ледяная рыба', 15.9, 1.3, 0.9, 104, 1, b'0', 1, '2021-12-20 19:25:52'),
	(125, 'Ликёр маленькая рюмка', 0.0, 0.0, 0.0, 70, 1, b'0', 1, '2021-12-20 19:25:52'),
	(126, 'Лимон', 0.9, 3.6, 0.0, 31, 1, b'0', 1, '2021-12-20 19:25:52'),
	(127, 'Лисички свежие', 1.6, 2.1, 0.9, 22, 1, b'0', 1, '2021-12-20 19:25:52'),
	(128, 'Лосось консервированный натуральный', 21.0, 0.0, 6.0, 138, 1, b'0', 1, '2021-12-20 19:25:52'),
	(129, 'Лук зелёный', 1.3, 4.3, 0.0, 22, 1, b'0', 1, '2021-12-20 19:25:52'),
	(130, 'Лук репчатый', 1.7, 9.5, 0.0, 43, 1, b'0', 1, '2021-12-20 19:25:52'),
	(131, 'Лукум болгарский', 1.5, 89.7, 0.9, 382, 1, b'0', 1, '2021-12-20 19:25:52'),
	(132, 'Майонез любительский', 3.1, 3.0, 47.0, 449, 1, b'0', 1, '2021-12-20 19:25:52'),
	(133, 'Майонез салатный', 2.3, 4.2, 55.0, 537, 1, b'0', 1, '2021-12-20 19:25:52'),
	(134, 'Макаронные изделия', 10.7, 74.2, 1.3, 333, 1, b'0', 1, '2021-12-20 19:25:52'),
	(135, 'Макаронные изделия для Лазаньи Италия', 12.5, 73.0, 1.5, 355, 1, b'0', 1, '2021-12-20 19:25:52'),
	(136, 'Макаронные изделия из свежего теста Pasta', 12.0, 53.0, 3.0, 290, 1, b'0', 1, '2021-12-20 19:25:52'),
	(137, 'Макаронные изделия Италия с содержанием яиц', 14.0, 65.0, 4.0, 352, 1, b'0', 1, '2021-12-20 19:25:52'),
	(138, 'Макаронные изделия лапша с содержанием яиц на отварные 100 гр', 6.0, 26.0, 2.0, 146, 1, b'0', 1, '2021-12-20 19:25:52'),
	(139, 'Макаронные изделия с добавками моркови', 11.3, 77.1, 0.9, 362, 1, b'0', 1, '2021-12-20 19:25:52'),
	(140, 'Макароны Италия твёрдых сортов пшеницы Pasta Zara', 12.0, 75.0, 1.1, 358, 1, b'0', 1, '2021-12-20 19:25:52'),
	(141, 'Макароны Италия твёрдых сортов пшеницы с добавками томатов и шпината Maltagliati', 12.0, 71.0, 1.6, 346, 1, b'0', 1, '2021-12-20 19:25:52'),
	(142, 'Макароны Италия твёрдых сортов пшеницы с добавками шпината Federici', 13.0, 74.0, 1.0, 357, 1, b'0', 1, '2021-12-20 19:25:52'),
	(143, 'Малина', 0.8, 9.0, 0.0, 41, 1, b'0', 1, '2021-12-20 19:25:52'),
	(144, 'Малина мороженная', 1.2, 6.1, 0.3, 38, 1, b'0', 1, '2021-12-20 19:25:52'),
	(145, 'Мальтокестрин', 0.0, 99.9, 0.0, 400, 1, b'0', 1, '2021-12-20 19:25:52'),
	(146, 'Мандарин', 0.8, 8.6, 0.0, 38, 1, b'0', 1, '2021-12-20 19:25:52'),
	(147, 'Мармелад в сахаре', 0.0, 80.6, 0.0, 311, 1, b'0', 1, '2021-12-20 19:25:52'),
	(148, 'Маслины солёные', 1.2, 4.8, 16.4, 173, 1, b'0', 1, '2021-12-20 19:25:52'),
	(149, 'Масло сливочное Вологодское', 0.5, 0.8, 82.5, 748, 1, b'0', 1, '2021-12-20 19:25:52'),
	(150, 'Масло сливочное крестьянское', 0.8, 1.3, 72.5, 661, 1, b'0', 1, '2021-12-20 19:25:52'),
	(151, 'Маслята свежие', 0.9, 3.2, 0.4, 19, 1, b'0', 1, '2021-12-20 19:25:52'),
	(152, 'Мёд', 0.0, 71.0, 0.0, 284, 1, b'0', 1, '2021-12-20 19:25:52'),
	(153, 'Миндаль жареный', 25.6, 14.8, 32.2, 635, 1, b'0', 1, '2021-12-20 19:25:52'),
	(154, 'Мирабель', 1.0, 8.6, 0.0, 40, 1, b'0', 1, '2021-12-20 19:25:52'),
	(155, 'Молоко 1.5%', 2.9, 4.7, 1.5, 44, 1, b'0', 1, '2021-12-20 19:25:52'),
	(156, 'Молоко 3.2% жирности', 2.8, 4.7, 3.2, 58, 1, b'0', 1, '2021-12-20 19:25:52'),
	(157, 'Молоко 3.5% жирности', 2.8, 4.7, 3.5, 62, 1, b'0', 1, '2021-12-20 19:25:52'),
	(158, 'Молоко сгущённое Сгущёнка Молочная страна', 4.2, 55.7, 8.5, 308, 1, b'0', 1, '2021-12-20 19:25:52'),
	(159, 'Молоко сгущённое Сгущёнка Смоленская', 7.4, 55.8, 8.5, 325, 1, b'0', 1, '2021-12-20 19:25:52'),
	(160, 'Морковь жёлтая', 1.3, 6.0, 0.1, 33, 1, b'0', 1, '2021-12-20 19:25:52'),
	(161, 'Морковь красная', 1.3, 7.0, 0.1, 33, 1, b'0', 1, '2021-12-20 19:25:52'),
	(162, 'Мороженое сливочное в шоколадной глазури Лакомка', 3.2, 19.4, 20.2, 280, 1, b'0', 1, '2021-12-20 19:25:52'),
	(163, 'Мороженое сливочное в шоколадной глазури с орехами Боярское', 3.9, 23.0, 18.9, 277, 1, b'0', 1, '2021-12-20 19:25:52'),
	(164, 'Морошка', 0.8, 6.8, 0.0, 31, 1, b'0', 1, '2021-12-20 19:25:52'),
	(165, 'Мюсли фруктовый сад', 14.0, 70.0, 4.0, 370, 1, b'0', 1, '2021-12-20 19:25:52'),
	(166, 'Напиток Горячий шоколад сухой растворимый с сахаром', 10.0, 72.8, 12.8, 452, 1, b'0', 1, '2021-12-20 19:25:52'),
	(167, 'Нут', 20.1, 54.2, 5.0, 329, 1, b'0', 1, '2021-12-20 19:25:52'),
	(168, 'Облепиха', 0.9, 5.5, 0.0, 30, 1, b'0', 1, '2021-12-20 19:25:52'),
	(169, 'Овёс', 10.1, 57.8, 4.7, 300, 1, b'0', 1, '2021-12-20 19:25:52'),
	(170, 'Овсянные хлопья', 11.0, 51.0, 6.2, 305, 1, b'0', 1, '2021-12-20 19:25:52'),
	(171, 'Огурцы', 0.8, 3.0, 0.0, 15, 1, b'0', 1, '2021-12-20 19:25:52'),
	(172, 'Огурцы маринованные', 0.0, 4.0, 0.0, 18, 1, b'0', 1, '2021-12-20 19:25:52'),
	(173, 'Огурцы солёные', 0.0, 4.0, 0.0, 15, 1, b'0', 1, '2021-12-20 19:25:52'),
	(174, 'Оливки фаршированные анчоусами', 2.1, 5.2, 15.7, 171, 1, b'0', 1, '2021-12-20 19:25:52'),
	(175, 'Оливки фаршированные красным перцем', 1.4, 2.0, 14.1, 154, 1, b'0', 1, '2021-12-20 19:25:52'),
	(176, 'Оливки фаршированные лимоном', 1.6, 2.7, 15.1, 148, 1, b'0', 1, '2021-12-20 19:25:52'),
	(177, 'Оливковое масло', 0.0, 0.0, 99.9, 898, 1, b'0', 1, '2021-12-20 19:25:52'),
	(178, 'Опята свежие', 2.2, 1.3, 0.7, 20, 1, b'0', 1, '2021-12-20 19:25:52'),
	(179, 'Осетрина горячего копчения', 22.0, 13.0, 15.0, 223, 1, b'0', 1, '2021-12-20 19:25:52'),
	(180, 'Пастернак корень', 1.4, 11.0, 0.0, 47, 1, b'0', 1, '2021-12-20 19:25:52'),
	(181, 'Патиссоны', 0.6, 4.3, 0.0, 19, 1, b'0', 1, '2021-12-20 19:25:52'),
	(182, 'Пекан китайский орех', 9.2, 12.3, 71.2, 736, 1, b'0', 1, '2021-12-20 19:25:52'),
	(183, 'Перец', 1.3, 4.7, 0.0, 27, 1, b'0', 1, '2021-12-20 19:25:52'),
	(184, 'Персики', 0.9, 10.4, 0.0, 44, 1, b'0', 1, '2021-12-20 19:25:52'),
	(185, 'Петрушка зелень', 3.7, 8.1, 0.0, 45, 1, b'0', 1, '2021-12-20 19:25:52'),
	(186, 'Петрушка корень', 1.5, 11.0, 0.0, 47, 1, b'0', 1, '2021-12-20 19:25:52'),
	(187, 'Печенье курабье', 6.6, 19.3, 28.8, 506, 1, b'0', 1, '2021-12-20 19:25:52'),
	(188, 'Печенье сухое', 8.6, 72.3, 12.6, 438, 1, b'0', 1, '2021-12-20 19:25:52'),
	(189, 'Печенье типа Юбилейное', 7.4, 63.2, 19.7, 461, 1, b'0', 1, '2021-12-20 19:25:52'),
	(190, 'Повидло вишнёвое с яблоком', 0.0, 50.0, 0.0, 184, 1, b'0', 1, '2021-12-20 19:25:52'),
	(191, 'Подберёзовики свежие грибы', 2.3, 3.7, 0.9, 31, 1, b'0', 1, '2021-12-20 19:25:52'),
	(192, 'Подберёзовики сушёные грибы', 24.0, 37.2, 9.3, 319, 1, b'0', 1, '2021-12-20 19:25:52'),
	(193, 'Подосиновики свежие грибы', 3.3, 3.4, 0.5, 31, 1, b'0', 1, '2021-12-20 19:25:52'),
	(194, 'Подосиновики сушёные грибы', 32.5, 33.2, 4.9, 299, 1, b'0', 1, '2021-12-20 19:25:52'),
	(195, 'Подсолнечное масло', 0.0, 0.0, 99.9, 899, 1, b'0', 1, '2021-12-20 19:25:52'),
	(196, 'Полено кондитерское арахисовое', 5.5, 68.0, 18.2, 433, 1, b'0', 1, '2021-12-20 19:25:52'),
	(197, 'Просо', 11.2, 60.7, 3.8, 307, 1, b'0', 1, '2021-12-20 19:25:52'),
	(198, 'Простокваша 3.2%', 3.3, 5.5, 3.2, 65, 1, b'0', 1, '2021-12-20 19:25:52'),
	(199, 'Пшеница', 11.6, 68.7, 1.6, 318, 1, b'0', 1, '2021-12-20 19:25:52'),
	(200, 'Пшеничная мука', 11.0, 72.0, 2.0, 350, 1, b'0', 1, '2021-12-20 19:25:52'),
	(201, 'Пшено - крупа шлифованная', 11.5, 64.8, 3.3, 348, 1, b'0', 1, '2021-12-20 19:25:52'),
	(202, 'Раковые шейки в рассоле', 20.6, 0.0, 1.7, 98, 1, b'0', 1, '2021-12-20 19:25:52'),
	(203, 'Рапсовое масло', 0.0, 0.0, 99.9, 899, 1, b'0', 1, '2021-12-20 19:25:52'),
	(204, 'Ревень черешковый', 0.7, 2.9, 0.0, 16, 1, b'0', 1, '2021-12-20 19:25:52'),
	(205, 'Редис', 1.2, 4.1, 0.0, 20, 1, b'0', 1, '2021-12-20 19:25:52'),
	(206, 'Редька', 1.9, 7.0, 0.0, 34, 1, b'0', 1, '2021-12-20 19:25:52'),
	(207, 'Репа', 1.5, 5.9, 0.0, 28, 1, b'0', 1, '2021-12-20 19:25:52'),
	(208, 'Рис', 7.3, 63.1, 2.6, 284, 1, b'0', 1, '2021-12-20 19:25:52'),
	(209, 'Рис Fitness - смесь дикого и бурого риса', 8.1, 63.4, 4.1, 323, 1, b'0', 1, '2021-12-20 19:25:52'),
	(210, 'Рис длиннозерновой шлифованный', 7.0, 78.5, 0.5, 347, 1, b'0', 1, '2021-12-20 19:25:52'),
	(211, 'Рис коричневый слабошлифованный', 7.4, 72.0, 2.2, 337, 1, b'0', 1, '2021-12-20 19:25:52'),
	(212, 'Рожь', 9.9, 70.9, 1.6, 320, 1, b'0', 1, '2021-12-20 19:25:52'),
	(213, 'Рыжики свежие грибы', 1.9, 2.0, 0.8, 22, 1, b'0', 1, '2021-12-20 19:25:52'),
	(214, 'Рябина садовая', 1.4, 12.5, 0.0, 58, 1, b'0', 1, '2021-12-20 19:25:52'),
	(215, 'Рябина черноплодная', 1.5, 12.0, 0.0, 54, 1, b'0', 1, '2021-12-20 19:25:52'),
	(216, 'Ряженка 3.2%', 3.2, 5.4, 3.2, 64, 1, b'0', 1, '2021-12-20 19:25:52'),
	(217, 'Салака копчёная в масле консервированная', 17.0, 0.0, 32.0, 356, 1, b'0', 1, '2021-12-20 19:25:52'),
	(218, 'Салат', 1.5, 2.2, 0.0, 14, 1, b'0', 1, '2021-12-20 19:25:52'),
	(219, 'Сардины в масле консервированные', 23.0, 0.0, 14.0, 218, 1, b'0', 1, '2021-12-20 19:25:52'),
	(220, 'Сахар', 0.0, 99.8, 0.0, 374, 1, b'0', 1, '2021-12-20 19:25:52'),
	(221, 'Сахар рафинад быстрорастворимый', 0.0, 99.9, 0.0, 400, 1, b'0', 1, '2021-12-20 19:25:52'),
	(222, 'Свекла', 1.7, 10.8, 0.0, 5, 1, b'0', 1, '2021-12-20 19:25:52'),
	(223, 'Свинина - балык особый', 10.0, 0.0, 15.0, 175, 1, b'0', 1, '2021-12-20 19:25:52'),
	(224, 'Свинина - буженина', 15.0, 0.0, 23.0, 267, 1, b'0', 1, '2021-12-20 19:25:52'),
	(225, 'Свинина - карбонад варёно-копчёный', 15.0, 0.0, 20.0, 240, 1, b'0', 1, '2021-12-20 19:25:52'),
	(226, 'Свинина - корейка сырокопчёная', 12.3, 0.0, 40.6, 415, 1, b'0', 1, '2021-12-20 19:25:52'),
	(227, 'Свиной язык консервированный', 12.0, 0.0, 15.0, 185, 1, b'0', 1, '2021-12-20 19:25:52'),
	(228, 'Сельдерей зелень', 0.0, 2.0, 0.0, 8, 1, b'0', 1, '2021-12-20 19:25:52'),
	(229, 'Сельдерей корень', 1.3, 6.7, 0.0, 31, 1, b'0', 1, '2021-12-20 19:25:52'),
	(230, 'Сельдь слабосолёная', 17.0, 0.0, 15.0, 204, 1, b'0', 1, '2021-12-20 19:25:52'),
	(231, 'Сельдь слабосолёная филе без кожи', 22.0, 0.0, 13.0, 205, 1, b'0', 1, '2021-12-20 19:25:52'),
	(232, 'Сёмга', 23.0, 0.0, 13.0, 202, 1, b'0', 1, '2021-12-20 19:25:52'),
	(233, 'Семечки подсолнечника', 24.0, 16.1, 47.3, 601, 1, b'0', 1, '2021-12-20 19:25:52'),
	(234, 'Семечки тыквы', 29.0, 13.1, 46.7, 596, 1, b'0', 1, '2021-12-20 19:25:52'),
	(235, 'Слива', 0.8, 9.9, 0.0, 43, 1, b'0', 1, '2021-12-20 19:25:52'),
	(236, 'Сливки 11%', 3.0, 4.0, 11.0, 130, 1, b'0', 1, '2021-12-20 19:25:52'),
	(237, 'Сливки 22%', 2.8, 3.7, 22.0, 220, 1, b'0', 1, '2021-12-20 19:25:52'),
	(238, 'Сливки взбитые с заменителем сахара', 2.3, 4.6, 26.5, 266, 1, b'0', 1, '2021-12-20 19:25:52'),
	(239, 'Сметана 10%', 3.0, 2.9, 10.0, 116, 1, b'0', 1, '2021-12-20 19:25:52'),
	(240, 'Сметана 15%', 2.9, 3.0, 15.0, 142, 1, b'0', 1, '2021-12-20 19:25:52'),
	(241, 'Сметана 20%', 2.8, 3.2, 20.0, 210, 1, b'0', 1, '2021-12-20 19:25:52'),
	(242, 'Сметана 25%', 2.6, 2.7, 25.0, 294, 1, b'0', 1, '2021-12-20 19:25:52'),
	(243, 'Сметана 30%', 2.4, 3.1, 30.0, 346, 1, b'0', 1, '2021-12-20 19:25:52'),
	(244, 'Смородина белая', 0.3, 8.7, 0.0, 39, 1, b'0', 1, '2021-12-20 19:25:52'),
	(245, 'Смородина красная', 0.6, 8.0, 0.0, 38, 1, b'0', 1, '2021-12-20 19:25:52'),
	(246, 'Смородина чёрная', 1.0, 8.0, 0.0, 40, 1, b'0', 1, '2021-12-20 19:25:52'),
	(247, 'Смородина чёрная мороженная', 1.0, 6.1, 0.0, 28, 1, b'0', 1, '2021-12-20 19:25:52'),
	(248, 'Сморчки свежие', 2.9, 2.0, 0.4, 22, 1, b'0', 1, '2021-12-20 19:25:52'),
	(249, 'Соевое масло', 0.0, 0.0, 99.9, 899, 1, b'0', 1, '2021-12-20 19:25:52'),
	(250, 'Соевый соус', 4.9, 5.0, 0.0, 39, 1, b'0', 1, '2021-12-20 19:25:52'),
	(251, 'Соломка сладкая', 9.2, 69.0, 6.1, 371, 1, b'0', 1, '2021-12-20 19:25:52'),
	(252, 'Сом', 17.0, 0.0, 5.0, 113, 1, b'0', 1, '2021-12-20 19:25:52'),
	(253, 'Сорго', 11.1, 66.4, 3.3, 323, 1, b'0', 1, '2021-12-20 19:25:52'),
	(254, 'Соя', 34.9, 26.5, 17.3, 395, 1, b'0', 1, '2021-12-20 19:25:52'),
	(255, 'Спаржа', 1.9, 3.6, 0.0, 21, 1, b'0', 1, '2021-12-20 19:25:52'),
	(256, 'Судак', 18.4, 1.3, 1.1, 126, 1, b'0', 1, '2021-12-20 19:25:52'),
	(257, 'Сыр голландский', 23.5, 0.0, 30.9, 360, 1, b'0', 1, '2021-12-20 19:25:52'),
	(258, 'Сыр мягкий Адыгейский', 16.0, 2.7, 18.0, 238, 1, b'0', 1, '2021-12-20 19:25:52'),
	(259, 'Сыр мягкий домашний', 17.0, 1.8, 4.0, 114, 1, b'0', 1, '2021-12-20 19:25:52'),
	(260, 'Сыр плавленный President', 10.0, 6.5, 22.2, 266, 1, b'0', 1, '2021-12-20 19:25:52'),
	(261, 'Сыр плавленный сливочный Hochland', 9.0, 6.0, 25.0, 285, 1, b'0', 1, '2021-12-20 19:25:52'),
	(262, 'Сыр полутвёрдый сливочный', 24.0, 0.0, 33.0, 390, 1, b'0', 1, '2021-12-20 19:25:52'),
	(263, 'Сыр с плесенью Blue', 21.5, 20.0, 50.0, 347, 1, b'0', 1, '2021-12-20 19:25:52'),
	(264, 'Сыр твёрдый Радамер', 25.0, 0.0, 26.0, 339, 1, b'0', 1, '2021-12-20 19:25:52'),
	(265, 'Сыроежки свежие', 1.7, 2.0, 0.3, 17, 1, b'0', 1, '2021-12-20 19:25:52'),
	(266, 'Сырок сладкий глазированный в шоколаде', 7.5, 33.0, 25.5, 391, 1, b'0', 1, '2021-12-20 19:25:52'),
	(267, 'Творог жирный', 14.0, 2.9, 18.0, 232, 1, b'0', 1, '2021-12-20 19:25:52'),
	(268, 'Творог нежирный сухой', 18.0, 1.9, 0.6, 88, 1, b'0', 1, '2021-12-20 19:25:52'),
	(269, 'Творог обезжиренный жидкий', 17.0, 1.8, 0.0, 79, 1, b'0', 1, '2021-12-20 19:25:52'),
	(270, 'Творог полужирный', 16.7, 2.0, 9.0, 159, 1, b'0', 1, '2021-12-20 19:25:52'),
	(271, 'Тёрн', 1.5, 9.3, 0.0, 47, 1, b'0', 1, '2021-12-20 19:25:52'),
	(272, 'Тесто слоёное не дрожжевое', 6.1, 41.0, 20.8, 380, 1, b'0', 1, '2021-12-20 19:25:52'),
	(273, 'Томатная паста', 3.5, 13.9, 0.6, 87, 1, b'0', 1, '2021-12-20 19:25:52'),
	(274, 'Томатный сок J-7 с солью', 0.8, 4.3, 0.0, 21, 1, b'0', 1, '2021-12-20 19:25:52'),
	(275, 'Томаты', 0.6, 4.2, 0.0, 19, 1, b'0', 1, '2021-12-20 19:25:52'),
	(276, 'Томаты - кетчуп', 0.0, 18.0, 0.0, 75, 1, b'0', 1, '2021-12-20 19:25:52'),
	(277, 'Торт безе с кремом Графские развалины', 4.2, 65.4, 8.8, 358, 1, b'0', 1, '2021-12-20 19:25:52'),
	(278, 'Торт бисквитный с кремом Вацлавский', 10.0, 47.1, 28.0, 460, 1, b'0', 1, '2021-12-20 19:25:52'),
	(279, 'Торт бисквитный шоколадный с кремом Марика', 6.8, 42.5, 25.1, 425, 1, b'0', 1, '2021-12-20 19:25:52'),
	(280, 'Треска', 16.0, 0.0, 0.6, 69, 1, b'0', 1, '2021-12-20 19:25:52'),
	(281, 'Тунец в собственном соку консервы', 23.5, 0.0, 0.6, 99, 1, b'0', 1, '2021-12-20 19:25:52'),
	(282, 'Тыква', 1.0, 6.5, 0.0, 29, 1, b'0', 1, '2021-12-20 19:25:52'),
	(283, 'Укроп', 2.5, 4.5, 0.5, 32, 1, b'0', 1, '2021-12-20 19:25:52'),
	(284, 'Утка для жарки', 25.2, 0.7, 11.9, 284, 1, b'0', 1, '2021-12-20 19:25:52'),
	(285, 'Фасоль', 22.3, 54.5, 1.7, 309, 1, b'0', 1, '2021-12-20 19:25:52'),
	(286, 'Фасоль в томатном соусе консервированная', 4.6, 13.1, 0.2, 73, 1, b'0', 1, '2021-12-20 19:25:52'),
	(287, 'Фасоль красная', 22.3, 54.7, 1.7, 309, 1, b'0', 1, '2021-12-20 19:25:52'),
	(288, 'Финики', 2.5, 72.1, 0.0, 281, 1, b'0', 1, '2021-12-20 19:25:52'),
	(289, 'Фисташки жареные солёные', 21.2, 14.3, 38.8, 655, 1, b'0', 1, '2021-12-20 19:25:52'),
	(290, 'Форель', 19.5, 0.0, 5.5, 130, 1, b'0', 1, '2021-12-20 19:25:52'),
	(291, 'Форель слабосолёная', 23.5, 0.0, 11.5, 203, 1, b'0', 1, '2021-12-20 19:25:52'),
	(292, 'Фундук жареный', 16.1, 9.9, 66.9, 704, 1, b'0', 1, '2021-12-20 19:25:52'),
	(293, 'Халва миндальная', 10.0, 53.5, 28.0, 123, 1, b'0', 1, '2021-12-20 19:25:52'),
	(294, 'Хлеб пшеничный', 8.1, 42.0, 1.2, 203, 1, b'0', 1, '2021-12-20 19:25:52'),
	(295, 'Хлеб пшеничный нарезной батон', 8.2, 54.1, 1.0, 263, 1, b'0', 1, '2021-12-20 19:25:52'),
	(296, 'Хлеб пшеничный особый батон', 7.4, 50.0, 0.8, 240, 1, b'0', 1, '2021-12-20 19:25:52'),
	(297, 'Хлеб пшеничный лепёшка домашняя', 9.0, 57.8, 6.5, 331, 1, b'0', 1, '2021-12-20 19:25:52'),
	(298, 'Хлеб ржано-пшеничный', 7.0, 40.3, 1.1, 193, 1, b'0', 1, '2021-12-20 19:25:52'),
	(299, 'Хлебные палочки кунжутные', 9.6, 59.4, 11.5, 380, 1, b'0', 1, '2021-12-20 19:25:52'),
	(300, 'Хлебцы ржаные из муки грубого помола с полбой', 11.4, 64.9, 1.7, 321, 1, b'0', 1, '2021-12-20 19:25:52'),
	(301, 'Хлопковое масло', 0.0, 9.0, 99.9, 899, 1, b'0', 1, '2021-12-20 19:25:52'),
	(302, 'Хлопья кукурузные Gold с мёдом и орешками', 7.0, 81.2, 4.0, 389, 1, b'0', 1, '2021-12-20 19:25:52'),
	(303, 'Хрен', 2.5, 16.3, 0.0, 71, 1, b'0', 1, '2021-12-20 19:25:52'),
	(304, 'Хрен с майонезом', 2.5, 16.3, 11.7, 178, 1, b'0', 1, '2021-12-20 19:25:52'),
	(305, 'Хурьма японская', 0.5, 15.9, 0.0, 62, 1, b'0', 1, '2021-12-20 19:25:52'),
	(306, 'Цыплёнок грудки филе', 21.3, 0.0, 2.5, 108, 1, b'0', 1, '2021-12-20 19:25:52'),
	(307, 'Цыплёнок для жарки белое мясо', 25.0, 0.0, 4.0, 141, 1, b'0', 1, '2021-12-20 19:25:52'),
	(308, 'Цыплёнок для жарки тёмное мясо', 23.0, 0.0, 6.9, 156, 1, b'0', 1, '2021-12-20 19:25:52'),
	(309, 'Чай', 20.0, 6.9, 0.0, 109, 1, b'0', 1, '2021-12-20 19:25:52'),
	(310, 'Черемша', 2.4, 6.5, 0.0, 34, 1, b'0', 1, '2021-12-20 19:25:52'),
	(311, 'Черешня', 1.1, 12.3, 0.0, 52, 1, b'0', 1, '2021-12-20 19:25:52'),
	(312, 'Черника', 1.1, 8.6, 0.0, 40, 1, b'0', 1, '2021-12-20 19:25:52'),
	(313, 'Чернослив', 1.9, 59.5, 0.5, 256, 1, b'0', 1, '2021-12-20 19:25:52'),
	(314, 'Чернослив в шоколаде', 3.9, 58.4, 14.2, 358, 1, b'0', 1, '2021-12-20 19:25:52'),
	(315, 'Чеснок', 6.5, 21.2, 0.0, 106, 1, b'0', 1, '2021-12-20 19:25:52'),
	(316, 'Чечевица', 24.8, 53.7, 1.1, 310, 1, b'0', 1, '2021-12-20 19:25:52'),
	(317, 'Чечевица красная', 21.0, 49.0, 2.0, 298, 1, b'0', 1, '2021-12-20 19:25:52'),
	(318, 'Чина', 25.1, 52.1, 0.9, 304, 1, b'0', 1, '2021-12-20 19:25:52'),
	(319, 'Шампиньоны консервированные', 2.3, 0.5, 0.5, 16, 1, b'0', 1, '2021-12-20 19:25:52'),
	(320, 'Шампиньоны мороженные', 4.2, 0.1, 1.0, 26, 1, b'0', 1, '2021-12-20 19:25:52'),
	(321, 'Шелковица', 0.7, 12.7, 0.0, 53, 1, b'0', 1, '2021-12-20 19:25:52'),
	(322, 'Шиповник свежий', 1.6, 24.0, 0.0, 101, 1, b'0', 1, '2021-12-20 19:25:52'),
	(323, 'Шиповник сушёный', 0.4, 60.0, 0.0, 253, 1, b'0', 1, '2021-12-20 19:25:52'),
	(324, 'Шоколад', 5.4, 52.6, 35.4, 544, 1, b'0', 1, '2021-12-20 19:25:52'),
	(325, 'Шоколад с изюмом', 4.5, 56.9, 25.9, 471, 1, b'0', 1, '2021-12-20 19:25:52'),
	(326, 'Шоколад с фундуком', 8.8, 43.7, 42.3, 585, 1, b'0', 1, '2021-12-20 19:25:52'),
	(327, 'Шпинат', 2.9, 2.3, 0.0, 21, 1, b'0', 1, '2021-12-20 19:25:52'),
	(328, 'Шпроты в масле', 17.0, 0.0, 32.0, 356, 1, b'0', 1, '2021-12-20 19:25:52'),
	(329, 'Щавель', 1.5, 5.3, 0.0, 28, 1, b'0', 1, '2021-12-20 19:25:52'),
	(330, 'Щука', 18.0, 0.0, 1.0, 81, 1, b'0', 1, '2021-12-20 19:25:52'),
	(331, 'Яблоки', 0.4, 11.3, 0.0, 46, 1, b'0', 1, '2021-12-20 19:25:52'),
	(332, 'Яйца куриные', 12.7, 0.7, 11.5, 157, 1, b'0', 1, '2021-12-20 19:25:52'),
	(333, 'Ячмень', 11.5, 65.8, 2.0, 311, 1, b'0', 1, '2021-12-20 19:25:52');
/*!40000 ALTER TABLE `foods` ENABLE KEYS */;

-- Дамп структуры для таблица dietcalc.role
DROP TABLE IF EXISTS `role`;
CREATE TABLE IF NOT EXISTS `role` (
  `id` bigint unsigned NOT NULL AUTO_INCREMENT,
  `name` varchar(50) DEFAULT NULL COMMENT 'Название роли',
  UNIQUE KEY `id` (`id`)
) ENGINE=InnoDB AUTO_INCREMENT=5 DEFAULT CHARSET=utf8mb4 COLLATE=utf8mb4_0900_ai_ci COMMENT='Роли пользоватлелей';

-- Дамп данных таблицы dietcalc.role: ~4 rows (приблизительно)
/*!40000 ALTER TABLE `role` DISABLE KEYS */;
INSERT INTO `role` (`id`, `name`) VALUES
	(1, 'SuperAdmin'),
	(2, 'UserPro'),
	(3, 'User'),
	(4, 'Guest');
/*!40000 ALTER TABLE `role` ENABLE KEYS */;

-- Дамп структуры для таблица dietcalc.users
DROP TABLE IF EXISTS `users`;
CREATE TABLE IF NOT EXISTS `users` (
  `id` bigint unsigned NOT NULL AUTO_INCREMENT,
  `login` varchar(50) CHARACTER SET utf8mb4 COLLATE utf8mb4_0900_ai_ci DEFAULT NULL,
  `password_hash` varchar(100) DEFAULT NULL,
  `role_id` bigint unsigned NOT NULL DEFAULT '2',
  UNIQUE KEY `id` (`id`),
  KEY `role_id` (`role_id`),
  CONSTRAINT `users_ibfk_1` FOREIGN KEY (`role_id`) REFERENCES `role` (`id`)
) ENGINE=InnoDB AUTO_INCREMENT=21 DEFAULT CHARSET=utf8mb4 COLLATE=utf8mb4_0900_ai_ci COMMENT='Пользователи';

-- Дамп данных таблицы dietcalc.users: ~20 rows (приблизительно)
/*!40000 ALTER TABLE `users` DISABLE KEYS */;
INSERT INTO `users` (`id`, `login`, `password_hash`, `role_id`) VALUES
	(1, 'admin', '$2y$10$/lf/pL9Y77Q3fXDFIp7qNeg4/NAFz6M3D.JuIkFrjSrS8WpNkE6Vi', 1),
	(2, 'boyle', '485d098722622d153af30b4778fe82cacb401ed2', 2),
	(3, 'lakin', '0eafbb1d43ac712e5e9f215353024c4ecb71ee1c', 3),
	(4, 'block', 'c5e9d725b4bccf3954539845ac43ef5eb367239f', 4),
	(5, 'blick', 'c9e3e98702dc1e4ff80e329c94e06bf15374924b', 3),
	(6, 'hans', '0f39836350aa77244a2d155eb6e03d6c02d94e65', 3),
	(7, 'ondric', 'd80ddc38dda6a628c8ed57d27a2af7f2b8ba509e', 4),
	(8, 'moor', '3991026889d8c947bd89db35aef32d9780f41631', 2),
	(9, 'gis', 'dad427549a31c1cb4d3ac90d2b407029a15b9a3e', 3),
	(10, 'kenzie', '634abd57f796f40113ac39e0a0b68ad1dfbf80f0', 3),
	(11, 'casper', '20aa560572945acaaec1aabb91fb256e7ea16449', 3),
	(12, 'schmeler', 'd403d16b5cba323fdd0848dc37b056af58cbcd66', 4),
	(13, 'hag', '46acb544ec3abd9e0e109139fccad175ce994f25', 3),
	(14, 'keef', '5c0589e08cc674c20db580ea5b7636643486e2a2', 2),
	(15, 'hahn', '8bdda3849f39b5ab293a7d61ec7b231465f7bb64', 3),
	(16, 'pad', '8e3eb452fe5d5a1f3305de71c5c95df7c20daa4d', 4),
	(17, 'ondr', 'ed32b095bbbbd301bb5e58c278b1064e3f31be3b', 3),
	(18, 'gayl', 'ff2d814352c8504bab4a9a454c24131d65a4425d', 3),
	(19, 'fhahn', '91f2230adadf755fa7cf488cf1ae78255e650c6b', 3),
	(20, 'rempel', '6d2659b8e85f4feb6db4da2d5eeebb617bd709d7', 4);
/*!40000 ALTER TABLE `users` ENABLE KEYS */;

/*!40101 SET SQL_MODE=IFNULL(@OLD_SQL_MODE, '') */;
/*!40014 SET FOREIGN_KEY_CHECKS=IFNULL(@OLD_FOREIGN_KEY_CHECKS, 1) */;
/*!40101 SET CHARACTER_SET_CLIENT=@OLD_CHARACTER_SET_CLIENT */;
/*!40111 SET SQL_NOTES=IFNULL(@OLD_SQL_NOTES, 1) */;
